{
  "Name": "Milk Chocolate S'mores Bonbon",
  "Description": "A sugary bonbon made with a hard milk chocolate shell over marshmallow creme and graham cracker crumbs.",
  "Category": "ArtisanGoods",
  "Edibility": 80,
  "Price": 1534,
  "IsColored": false,
  "Recipe": null,
    "GiftTastes":
    {
		"Love": ["Abigail", "Gus", "Jodi", "Maru", "Penny", "Vincent"],
        "Like": ["Alex", "Caroline", "Clint", "Demetrius", "Dwarf", "Elliott", "Emily", "Evelyn", "George", "Haley", "Jas", "Lewis", "Linus", "Marnie", "Pam", "Pierre", "Robin", "Sam", "Sandy", "Sebastian", "Shane"],
		"Dislike": ["Harvey", "Kent", "Krobus", "Leah", "Willy", "Wizard"],
},

// translation
  "NameLocalization":
  {
  "zh":"牛奶巧克力烤棉花糖格雷厄姆夹心",
  },
  "DescriptionLocalization":
  {
  "zh":"稍硬的牛奶巧克力包裹着成分为烤棉花糖以及格雷厄姆饼干屑的奶油。再加上饼干屑在外层的装饰，仿佛置入了S'mores以及牛奶巧克力交接的天堂。",
  }
}