{
  "Name": "Box of Chocolate Covered Strawberries",
  "Description": "A heart shaped box full of chocolate covered strawberries.Give it to someone special!",
  "Category": "ArtisanGoods",
  "Edibility": 120,
  "Price": 5932,
  "IsColored": false,
  "Recipe": null,
  "GiftTastes":
    {
        "Like": ["Abigail", "Alex", "Caroline", "Clint", "Demetrius", "Dwarf", "Elliott", "Emily", "Evelyn", "George", "Gus", "Haley", "Harvey", "Jas", "Jodi", "Kent", "Krobus", "Leah", "Lewis", "Linus", "Marnie", "Maru", "Pam", "Penny", "Pierre", "Robin", "Sam", "Sandy", "Sebastian", "Shane", "Vincent", "Willy", "Wizard"],
},

// translation
  "NameLocalization":
  {
  "zh":"盒装情人草莓",
  },
  "DescriptionLocalization":
  {
  "zh":"心形盒子里是充满着粉红气息的情人草莓。让最特别的ta感受到你的心意吧~",
  }
}