{
  "Name": "Chocolate Coins",
  "Description": "A solid chocolate disk wrapped in gold foil that resembles a gold coin.",
  "Category": "ArtisanGoods",
  "Edibility": 40,
  "Price": 878,
  "IsColored": false,
  "Recipe": null,
  "GiftTastes":
    {	
		"Love": ["Clint"],
        "Like": ["Abigail", "Alex", "Caroline", "Demetrius", "Dwarf", "Elliott", "Emily", "Evelyn", "George", "Gus", "Haley", "Harvey", "Jas", "Jodi", "Kent", "Leah", "Lewis", "Linus", "Marnie", "Maru", "Pam", "Penny", "Pierre", "Robin", "Sandy", "Sebastian", "Shane", "Vincent", "Wizard"],
		"Neutral": ["Sam"],
		"Dislike": ["Krobus", "Willy",],
},

// translation
  "NameLocalization":
  {
  "zh":"金币巧克力",
  },
  "DescriptionLocalization":
  {
  "zh":"圆型巧克力被金箔包装得如同金光闪闪的金币。“当一个真金币跟一个巧克力金币摆在你的眼前，最好的辨认方法就是咬一口。”",
  }
}