{
  "Name": "Powdered Milk",
  "Description": "Dried milk made by evaporating regular milk.",
  "Category": "ArtisanGoods",
  "Edibility": -300,
  "Price": 200,
  "IsColored": false,
  "Recipe": null,
  "GiftTastes":
    {
        "Dislike": ["Abigail", "Alex", "Caroline", "Clint", "Demetrius", "Dwarf", "Elliott", "Emily", "Evelyn", "George", "Gus", "Haley", "Harvey", "Jas", "Jodi", "Kent", "Krobus", "Leah", "Lewis", "Linus", "Marnie", "Maru", "Pam", "Penny", "Pierre", "Robin", "Sam", "Sandy", "Sebastian", "Shane", "Vincent", "Willy", "Wizard"],
},

// translation
  "NameLocalization":
  {
  "zh":"奶粉",
  },
  "DescriptionLocalization":
  {
  "zh":"用普通的牛奶蒸发掉水分制成的干牛奶。干燥的奶粉相比普通牛奶而言，具有着更加浓郁的奶香。",
  }
}