{
  "Name": "Milk Chocolate Covered Strawberry",
  "Description": "A ripe strawberry mostly covered in milk chocolate.",
  "Category": "ArtisanGoods",
  "Edibility": 65,
  "Price": 1554,
  "IsColored": false,
  "Recipe": null,
  "GiftTastes":
    {
		"Love": ["Demetrius", "Jodi", "Maru"],
        "Like": ["Alex", "Caroline", "Clint", "Dwarf", "Elliott", "Emily", "Evelyn", "George", "Gus", "Jas", "Lewis", "Linus", "Marnie", "Pam", "Penny", "Pierre", "Robin", "Sam", "Sandy", "Sebastian", "Shane", "Vincent"],
		"Neutral": ["Abigail", "Haley"],
		"Dislike": ["Harvey", "Kent", "Krobus", "Leah", "Willy", "Wizard"],
},

// translation
  "NameLocalization":
  {
  "zh":"奶香情人草莓",
  },
  "DescriptionLocalization":
  {
  "zh":"被牛奶巧克力包裹着的草莓。“咬一口会不会就是在“吃”草莓牛奶呢？”",
  }
}