{
    "Name": "Chocolatier Cocoa Powder",
    "Description": "Cocoa powder made primarily from cocoa solids.",
    "Edibility": 13,
    "Price": 175,
    "IsColored": false,
    "Recipe": null,
	"GiftTastes":
    {
        "Dislike": ["Abigail", "Alex", "Caroline", "Clint", "Demetrius", "Dwarf", "Elliott", "Emily", "Evelyn", "George", "Gus", "Haley", "Harvey", "Jas", "Jodi", "Kent", "Krobus", "Leah", "Lewis", "Linus", "Marnie", "Maru", "Pam", "Penny", "Pierre", "Robin", "Sam", "Sandy", "Sebastian", "Shane", "Vincent", "Willy", "Wizard"],
},

// translation
  "NameLocalization":
  {
  "zh":"手工巧克力可可粉",
  },
  "DescriptionLocalization":
  {
  "zh":"主要成分是可可的巧克力可可粉。",
  }
}