{
  "Name": "Dark Chocolate Blueberry Bonbon",
  "Description": "A luscious bonbon made with a hard dark chocolate shell over a blueberry and white chocolate creme.",
  "Category": "ArtisanGoods",
  "Edibility": 82,
  "Price": 1515,
  "IsColored": false,
  "Recipe": null,
  "GiftTastes":
    {
        "Like": ["Alex", "Clint", "Demetrius", "Dwarf", "Elliott", "Emily", "George", "Gus", "Jodi", "Kent", "Krobus", "Leah", "Lewis", "Linus", "Marnie", "Maru", "Pam", "Penny", "Pierre", "Robin", "Sandy", "Sebastian", "Shane", "Willy", "Wizard"],
		"Neutral": ["Harvey"],
		"Dislike": ["Caroline", "Evelyn", "Sam"],
		"Hate": ["Abigail", "Haley", "Jas", "Vincent"],
},

// translation
  "NameLocalization":
  {
  "zh":"黑巧克力蓝莓夹心",
  },
  "DescriptionLocalization":
  {
  "zh":"稍硬的黑巧克力包裹着芬芳多汁以及香甜可口的蓝莓白巧克力奶油，再加上奶油在其表面上的点缀。此夹心糖可谓甜美至极。",
  }
}