{
  "Name": "Milk Chocolate Vanilla Nut Bonbon",
  "Description": "A sugary bonbon made with a hard milk chocolate shell over vanilla creme and walnuts.",
  "Category": "ArtisanGoods",
  "Edibility": 80,
  "Price": 1222,
  "IsColored": false,
  "Recipe": null,
    "GiftTastes":
    {
		"Love": ["Evelyn", "Gus", "Jodi", "Marnie", "Maru", "Penny", "Sandy", "Vincent"],
        "Like": ["Abigail", "Alex", "Caroline", "Clint", "Demetrius", "Dwarf", "Elliott", "Emily", "George", "Haley", "Jas", "Lewis", "Linus", "Pam", "Pierre", "Robin", "Sam", "Sebastian", "Shane"],
		"Dislike": ["Harvey", "Kent", "Krobus", "Leah", "Willy", "Wizard"],
},

// translation
  "NameLocalization":
  {
  "zh":"牛奶巧克力香草核桃夹心",
  },
  "DescriptionLocalization":
  {
  "zh":"稍硬的牛奶巧克力包裹着香草奶油以及核桃。“吃了会不会变聪明呢？”",
  }
}