{
  "Name": "Chocolatier's Cauldron",
  "Description": "A large golden cauldron used to create the finest of chocolate.",
  "Price": 10000,
  "ProvidesLight": false,
  "ReserveNextIndex": true,
  "Recipe":
  {
    "ResultCount": 1,
        "Ingredients": [
        {
            "Object": 336,
            "Count": 5,
        },
        {
            "Object": 768,
            "Count": 1,
        },
        {
            "Object": 334,
            "Count": 5,
        },
        ],
	"IsDefault": true,
  },

// translation
  "NameLocalization":
  {
  "zh":"巧克力制作者之釜",
  },
  "DescriptionLocalization":
  {
  "zh":"曾经制作出最顶级巧克力的金釜",
  }
}