{
  "Name": "Milk Chocolate Hazelnut Bonbon",
  "Description": "A sugary bonbon made with a hard milk chocolate shell over a hazelnut and coffee creme.",
  "Category": "ArtisanGoods",
  "Edibility": 80,
  "Price": 1820,
  "IsColored": false,
  "Recipe": null,
  "GiftTastes":
    {
		"Love": ["Linus", "Maru", "Penny"],
        "Like": ["Abigail", "Alex", "Caroline", "Clint", "Demetrius", "Dwarf", "Elliott", "Emily", "Evelyn", "George", "Gus", "Haley", "Lewis", "Marnie", "Pam", "Pierre", "Robin", "Sam", "Sandy", "Sebastian", "Shane"],
		"Neutral": ["Jodi", "Leah"],
		"Dislike": ["Harvey", "Jas", "Kent", "Krobus", "Vincent", "Willy", "Wizard"],
},

// translation
  "NameLocalization":
  {
  "zh":"牛奶巧克力榛子咖啡夹心",
  },
  "DescriptionLocalization":
  {
  "zh":"稍硬的牛奶巧克力包裹着榛子以及咖啡为成分的奶油。榛子带有的香味加上香醇浓厚的咖啡，再加上牛奶巧克力为外层，妙哉。",
  }
}