{
  "Name": "Milk Chocolate Caramel Bonbon",
  "Description": "A sugary bonbon made with a hard milk chocolate shell over gooey caramel.",
  "Category": "ArtisanGoods",
  "Edibility": 80,
  "Price": 2060,
  "IsColored": false,
  "Recipe": null,
  "GiftTastes":
    {
		"Love": ["Gus", "Maru", "Penny"],
        "Like": ["Abigail", "Alex", "Caroline", "Clint", "Demetrius", "Dwarf", "Elliott", "Emily", "Evelyn", "Haley", "Jas", "Jodi", "Lewis", "Linus", "Marnie", "Pam", "Pierre", "Robin", "Sam", "Sandy", "Shane", "Vincent"],
		"Neutral": ["George", "Sebastian"],
		"Dislike": ["Harvey", "Kent", "Krobus", "Leah", "Willy", "Wizard"],
},

// translation
  "NameLocalization":
  {
  "zh":"牛奶巧克力焦糖夹心",
  },
  "DescriptionLocalization":
  {
  "zh":"稍硬的牛奶巧克力包裹着又粘又甜的焦糖，糖分极高，幸福感极高！",
  }
}