{
  "Name": "Milk Chocolate Covered Pretzel",
  "Description": "A salty pretzel covered in sweet milk chocolate.",
  "Category": "ArtisanGoods",
  "Edibility": 60,
  "Price": 1651,
  "IsColored": false,
  "Recipe": null,
  "GiftTastes":
    {
		"Love": ["Gus", "Jodi", "Maru", "Penny", "Vincent"],
        "Like": ["Abigail", "Alex", "Caroline", "Clint", "Demetrius", "Dwarf", "Elliott", "Emily", "Evelyn", "George", "Haley", "Jas", "Lewis", "Linus", "Marnie", "Pam", "Pierre", "Robin", "Sam", "Sandy", "Sebastian", "Shane"],
		"Dislike": ["Kent", "Krobus", "Willy", "Wizard"],
		"Hate": ["Harvey", "Leah"],
},

// translation
  "NameLocalization":
  {
  "zh":"牛奶巧克力圈饼",
  },
  "DescriptionLocalization":
  {
  "zh":"圈饼淋上融化的牛奶巧克力，奶香四溢。",
  }
}