{
  "Name": "Chocolate Covered Cherries",
  "Description": "Juicy cherries covered in dark chocolate.Simple and delicious.",
  "Category": "ArtisanGoods",
  "Edibility": 57,
  "Price": 754,
  "IsColored": false,
  "Recipe": null,
  "GiftTastes":
    {
        "Like": ["Abigail", "Alex", "Caroline", "Clint", "Demetrius", "Dwarf", "Elliott", "Emily", "Evelyn", "George", "Gus", "Haley", "Harvey", "Jas", "Jodi", "Kent", "Leah", "Lewis", "Linus", "Marnie", "Maru", "Pam", "Penny", "Pierre", "Robin", "Sam", "Sandy", "Sebastian", "Shane", "Vincent", "Wizard"],
		"Dislike": ["Krobus", "Willy"],
},

// translation
  "NameLocalization":
  {
  "zh":"樱桃环巧克力",
  },
  "DescriptionLocalization":
  {
  "zh":"酸甜多汁的樱桃裹着黑巧克力，最简单的配方，最极致的享受。",
  }
}