{
  "Name": "Milk Chocolate Orange Fudge",
  "Description": "A creamy fudge made with milk chocolate and orange zest.",
  "Category": "ArtisanGoods",
  "Edibility": 55,
  "Price": 1287,
  "IsColored": false,
  "Recipe": null,
  "GiftTastes":
    {
		"Love": ["Gus", "Jodi", "Maru", "Penny", "Vincent"],
        "Like": ["Abigail", "Alex", "Caroline", "Clint", "Demetrius", "Dwarf", "Elliott", "Emily", "Evelyn", "George", "Haley", "Jas", "Lewis", "Linus", "Marnie", "Pam", "Pierre", "Robin", "Sam", "Sandy", "Sebastian", "Shane"],
		"Neutral": ["Leah"],
		"Dislike": ["Harvey", "Kent", "Krobus", "Willy", "Wizard"],
},

// translation
  "NameLocalization":
  {
  "zh":"牛奶巧克力橙子糖",
  },
  "DescriptionLocalization":
  {
  "zh":"用牛奶巧克力以及橙皮做的奶油糖。橙皮的清香衬托着牛奶巧克力的甜味和奶香，甜而不腻。",
  }
}