{
  "Name": "White Chocolate Apple Pie Bonbon",
  "Description": "A delicate bonbon made with a hard white chocolate shell over a apple and cinnamon creme.",
  "Category": "ArtisanGoods",
  "Edibility": 78,
  "Price": 930,
  "IsColored": false,
  "Recipe": null,
  "GiftTastes":
    {
		"Love": ["Haley", "Jas", "Jodi", "Kent", "Marnie"],
        "Like": ["Abigail", "Alex", "Caroline", "Clint", "Demetrius", "Elliott", "Emily", "Evelyn", "Gus", "Leah", "Lewis", "Linus", "Maru", "Pam", "Penny", "Pierre", "Robin", "Sam", "Sandy", "Shane", "Vincent", "Wizard"],
		"Neutral": ["Krobus"],
		"Dislike": ["Dwarf", "George", "Harvey", "Sebastian"],
		"Hate": ["Willy"],
},

// translation
  "NameLocalization":
  {
  "zh":"白巧克力苹果派夹心",
  },
  "DescriptionLocalization":
  {
  "zh":"稍硬的白巧克力包裹着苹果以及肉桂制成的奶油。再加上苹果与肉桂在外层的装饰，精妙绝伦。",
  }
}