{
  "Name": "Box of Chocolate Bonbons",
  "Description": "A heart shaped box full of a variety of bonbons.Give it to someone special!",
  "Category": "ArtisanGoods",
  "Edibility": 150,
  "Price": 11855,
  "IsColored": false,
  "Recipe": null,
  "GiftTastes":
    {
        "Love": ["Abigail", "Alex", "Caroline", "Clint", "Demetrius", "Dwarf", "Elliott", "Emily", "Evelyn", "George", "Gus", "Haley", "Harvey", "Jas", "Jodi", "Kent", "Krobus", "Leah", "Lewis", "Linus", "Marnie", "Maru", "Pam", "Penny", "Pierre", "Robin", "Sam", "Sandy", "Sebastian", "Shane", "Vincent", "Willy", "Wizard"],
},

// translation
  "NameLocalization":
  {
  "zh":"盒装巧克力夹心",
  },
  "DescriptionLocalization":
  {
  "zh":"心形的盒子宛如少女的心，装着各式各样甜蜜的夹心。让最特别的ta感受到你的心意吧~",
  }
}