{
  "Name": "White Chocolate Matcha Bonbon",
  "Description": "A delicate bonbon made with a hard white chocolate shell over a green tea creme.",
  "Category": "ArtisanGoods",
  "Edibility": 78,
  "Price": 1027,
  "IsColored": false,
  "Recipe": null,
  "GiftTastes":
    {
		"Love": ["Caroline", "Haley", "Lewis", "Marnie"],
        "Like": ["Abigail", "Alex", "Clint", "Demetrius", "Elliott", "Emily", "Evelyn", "Gus", "Jodi", "Kent", "Leah", "Linus", "Maru", "Pam", "Penny", "Pierre", "Robin", "Sam", "Sandy", "Shane", "Wizard"],
		"Neutral": ["Jas", "Vincent"],
		"Dislike": ["Dwarf", "George", "Harvey", "Krobus", "Sebastian"],
		"Hate": ["Willy"],
},

// translation
  "NameLocalization":
  {
  "zh":"白巧克力抹茶夹心",
  },
  "DescriptionLocalization":
  {
  "zh":"稍硬的白巧克力包裹着绿茶奶油。微微苦涩以及拥有着清香的抹茶将白巧克力的甜味发挥到极致，绿色以及白色两种淡色的简单结合让人们光是看着就觉得心旷神怡。",
  }
}