{
  "Name": "White Chocolate Apricot Coconut Bonbon",
  "Description": "A delicate bonbon made with a hard white chocolate shell and coconut shavings over a apricot creme with apricot chunks .",
  "Category": "ArtisanGoods",
  "Edibility": 78,
  "Price": 748,
  "IsColored": false,
  "Recipe": null,
  "GiftTastes":
    {
		"Love": ["Haley", "Jas", "Linus", "Marnie"],
        "Like": ["Alex", "Caroline", "Clint", "Demetrius", "Elliott", "Emily", "Evelyn", "Gus", "Jodi", "Kent", "Leah", "Lewis", "Maru", "Pam", "Penny", "Pierre", "Robin", "Sam", "Sandy", "Shane", "Vincent", "Wizard"],
		"Neutral": ["Abigail"],
		"Dislike": ["Dwarf", "George", "Harvey", "Krobus", "Sebastian"],
		"Hate": ["Willy"],
},

// translation
  "NameLocalization":
  {
  "zh":"白巧克力椰子杏仁夹心",
  },
  "DescriptionLocalization":
  {
  "zh":"稍硬的白巧克力包裹着杏仁奶油以及杏仁块，散落在外层装饰的椰子屑散发着淡淡的清香。“夏天跟秋天的完美结合！”",
  }
}