{
  "Name": "Dark Chocolate Mint Fudge",
  "Description": "A creamy fudge made with dark chocolate and mint.",
  "Category": "ArtisanGoods",
  "Edibility": 57,
  "Price": 995,
  "IsColored": false,
  "Recipe": null,
  "GiftTastes":
    {
		"Love": ["Sebastian"],
        "Like": ["Alex", "Clint", "Demetrius", "Dwarf", "Elliott", "Emily", "George", "Gus", "Harvey", "Jodi", "Kent", "Krobus", "Leah", "Lewis", "Linus", "Marnie", "Maru", "Pam", "Penny", "Pierre", "Robin", "Sandy", "Shane", "Willy", "Wizard"],
		"Neutral": ["Caroline"],
		"Dislike": ["Abigail", "Evelyn", "Haley", "Jas", "Sam", "Vincent"],
},

// translation
  "NameLocalization":
  {
  "zh":"黑巧克力薄荷糖",
  },
  "DescriptionLocalization":
  {
  "zh":"用黑巧克力跟薄荷做的奶油糖。",
  }
}