{
  "Name": "Dark Chocolate Raspberry Bonbon",
  "Description": "A luscious bonbon made with a hard dark chocolate shell over a raspberry creme.",
  "Category": "ArtisanGoods",
  "Edibility": 82,
  "Price": 1488,
  "IsColored": false,
  "Recipe": null,
  "GiftTastes":
    {
		"Love": ["Elliott", "Sebastian"],
        "Like": ["Alex", "Clint", "Demetrius", "Dwarf", "Emily", "George", "Gus", "Harvey", "Jodi", "Kent", "Krobus", "Leah", "Lewis", "Linus", "Marnie", "Maru", "Pam", "Penny", "Pierre", "Robin", "Sandy", "Shane", "Willy", "Wizard"],
		"Dislike": ["Abigail", "Caroline", "Evelyn", "Haley", "Jas", "Sam", "Vincent"],
},

// translation
  "NameLocalization":
  {
  "zh":"黑巧克力覆盆子夹心",
  },
  "DescriptionLocalization":
  {
  "zh":"稍硬的黑巧克力包裹着酸甜的覆盆子奶油。“是野莓的味道呢。”",
  }
}