﻿[
	// Chocolatier's Cauldron
	{
		"ProducerName": "Chocolatier's Cauldron",
		"InputIdentifier": "Powdered Milk",
		"InputStack": 1,
		"FuelIdentifier": "Chocolatier Cocoa Powder",
        "FuelStack": 1,
		"AdditionalFuel":
        {
            "Sugar": 1, "Coconut Oil": 1,
        },
		"MinutesUntilReady": 180,
		"OutputIdentifier": "Chocolatier Milk Chocolate",
		"InputPriceBased": false,
		"OutputPriceIncrement": 0,
		"OutputPriceMultiplier": 1,
		"KeepInputQuality": true,
		"OutputQuality": 0,
		"OutputStack": 1,
		"Sounds": ["Ship"],
        "PlacingAnimation": null,
        "PlacingAnimationColorName": "White",
	},
	{
		"ProducerName": "Chocolatier's Cauldron",
		"InputIdentifier": "Chocolatier Cocoa Powder",
		"InputStack": 1,
		"FuelIdentifier": "Coconut Oil",
        "FuelStack": 1,
		"AdditionalFuel":
        {
            "Sugar": 1, "Salt": 1,
        },
		"MinutesUntilReady": 180,
		"OutputIdentifier": "Dark Chocolate",
		"InputPriceBased": false,
		"OutputPriceIncrement": 0,
		"OutputPriceMultiplier": 1,
		"KeepInputQuality": true,
		"OutputQuality": 0,
		"OutputStack": 1,
		"Sounds": ["Ship"],
        "PlacingAnimation": null,
        "PlacingAnimationColorName": "White",
	},
	{
		"ProducerName": "Chocolatier's Cauldron",
		"InputIdentifier": "Cocoa Butter",
		"InputStack": 1,
		"FuelIdentifier": "Sugar",
        "FuelStack": 1,
		"AdditionalFuel":
        {
            "Powdered Milk": 1,
        },
		"MinutesUntilReady": 180,
		"OutputIdentifier": "White Chocolate",
		"InputPriceBased": false,
		"OutputPriceIncrement": 0,
		"OutputPriceMultiplier": 1,
		"KeepInputQuality": true,
		"OutputQuality": 0,
		"OutputStack": 1,
		"Sounds": ["Ship"],
        "PlacingAnimation": null,
        "PlacingAnimationColorName": "White",
	},
	{
		"ProducerName": "Chocolatier's Cauldron",
		"InputIdentifier": "Caramel",
		"InputStack": 1,
		"FuelIdentifier": "Chocolatier Milk Chocolate",
        "FuelStack": 1,
		"AdditionalFuel":
        {
            "Brown Sugar": 1,
        },
		"MinutesUntilReady": 360,
		"OutputIdentifier": "Milk Chocolate Caramel Bonbon",
		"InputPriceBased": false,
		"OutputPriceIncrement": 0,
		"OutputPriceMultiplier": 1,
		"KeepInputQuality": true,
		"OutputQuality": 0,
		"OutputStack": 1,
		"Sounds": ["Ship"],
        "PlacingAnimation": null,
        "PlacingAnimationColorName": "White",
	},
	{
		"ProducerName": "Chocolatier's Cauldron",
		"InputIdentifier": "Hazelnut Butter",
		"InputStack": 1,
		"FuelIdentifier": "Chocolatier Milk Chocolate",
        "FuelStack": 1,
		"AdditionalFuel":
        {
            "White Chocolate": 1, "Coffee": 1,
        },
		"MinutesUntilReady": 360,
		"OutputIdentifier": "Milk Chocolate Hazelnut Bonbon",
		"InputPriceBased": false,
		"OutputPriceIncrement": 0,
		"OutputPriceMultiplier": 1,
		"KeepInputQuality": true,
		"OutputQuality": 0,
		"OutputStack": 1,
		"Sounds": ["Ship"],
        "PlacingAnimation": null,
        "PlacingAnimationColorName": "White",
	},
	{
		"ProducerName": "Chocolatier's Cauldron",
		"InputIdentifier": "Marshmallow Fluff",
		"InputStack": 1,
		"FuelIdentifier": "Chocolatier Milk Chocolate",
        "FuelStack": 1,
		"AdditionalFuel":
        {
            "Graham Crackers": 1, "Salt": 1,
        },
		"MinutesUntilReady": 360,
		"OutputIdentifier": "Milk Chocolate S'mores Bonbon",
		"InputPriceBased": false,
		"OutputPriceIncrement": 0,
		"OutputPriceMultiplier": 1,
		"KeepInputQuality": true,
		"OutputQuality": 0,
		"OutputStack": 1,
		"Sounds": ["Ship"],
        "PlacingAnimation": null,
        "PlacingAnimationColorName": "White",
	},
	{
		"ProducerName": "Chocolatier's Cauldron",
		"InputIdentifier": "Vanilla",
		"InputStack": 1,
		"FuelIdentifier": "Chocolatier Milk Chocolate",
        "FuelStack": 1,
		"AdditionalFuel":
        {
            "Walnut": 1,
        },
		"MinutesUntilReady": 360,
		"OutputIdentifier": "Milk Chocolate Vanilla Nut Bonbon",
		"InputPriceBased": false,
		"OutputPriceIncrement": 0,
		"OutputPriceMultiplier": 1,
		"KeepInputQuality": true,
		"OutputQuality": 0,
		"OutputStack": 1,
		"Sounds": ["Ship"],
        "PlacingAnimation": null,
        "PlacingAnimationColorName": "White",
	},
	{
		"ProducerName": "Chocolatier's Cauldron",
		"InputIdentifier": "Raspberry",
		"InputStack": 1,
		"FuelIdentifier": "Dark Chocolate",
        "FuelStack": 1,
		"AdditionalFuel":
        {
            "Large Milk": 1, "White Chocolate": 1,
        },
		"MinutesUntilReady": 360,
		"OutputIdentifier": "Dark Chocolate Raspberry Bonbon",
		"InputPriceBased": false,
		"OutputPriceIncrement": 0,
		"OutputPriceMultiplier": 1,
		"KeepInputQuality": true,
		"OutputQuality": 0,
		"OutputStack": 1,
		"Sounds": ["Ship"],
        "PlacingAnimation": null,
        "PlacingAnimationColorName": "White",
	},
	{
		"ProducerName": "Chocolatier's Cauldron",
		"InputIdentifier": "Blueberry",
		"InputStack": 1,
		"FuelIdentifier": "Dark Chocolate",
        "FuelStack": 1,
		"AdditionalFuel":
        {
            "White Chocolate": 1, "Large Milk": 1,
        },
		"MinutesUntilReady": 360,
		"OutputIdentifier": "Dark Chocolate Blueberry Bonbon",
		"InputPriceBased": false,
		"OutputPriceIncrement": 0,
		"OutputPriceMultiplier": 1,
		"KeepInputQuality": true,
		"OutputQuality": 0,
		"OutputStack": 1,
		"Sounds": ["Ship"],
        "PlacingAnimation": null,
        "PlacingAnimationColorName": "White",
	},
	{
		"ProducerName": "Chocolatier's Cauldron",
		"InputIdentifier": "Coconut",
		"InputStack": 1,
		"FuelIdentifier": "Dark Chocolate",
        "FuelStack": 1,
		"AdditionalFuel":
        {
            "Chocolatier Milk Chocolate": 1, "Large Milk": 1,
        },
		"MinutesUntilReady": 360,
		"OutputIdentifier": "Dark Chocolate Coconut Bonbon",
		"InputPriceBased": false,
		"OutputPriceIncrement": 0,
		"OutputPriceMultiplier": 1,
		"KeepInputQuality": true,
		"OutputQuality": 0,
		"OutputStack": 1,
		"Sounds": ["Ship"],
        "PlacingAnimation": null,
        "PlacingAnimationColorName": "White",
	},
	{
		"ProducerName": "Chocolatier's Cauldron",
		"InputIdentifier": "Pineapple",
		"InputStack": 1,
		"FuelIdentifier": "Dark Chocolate",
        "FuelStack": 1,
		"AdditionalFuel":
        {
            "Large Milk": 1, "White Chocolate": 1,
        },
		"MinutesUntilReady": 360,
		"OutputIdentifier": "Dark Chocolate Pineapple Bonbon",
		"InputPriceBased": false,
		"OutputPriceIncrement": 0,
		"OutputPriceMultiplier": 1,
		"KeepInputQuality": true,
		"OutputQuality": 0,
		"OutputStack": 1,
		"Sounds": ["Ship"],
        "PlacingAnimation": null,
        "PlacingAnimationColorName": "White",
	},
	{
		"ProducerName": "Chocolatier's Cauldron",
		"InputIdentifier": "Coffee",
		"InputStack": 1,
		"FuelIdentifier": "Dark Chocolate",
        "FuelStack": 1,
		"AdditionalFuel":
        {
            "White Chocolate": 1, "Chocolatier Milk Chocolate": 1, "Large Milk": 1,
        },
		"MinutesUntilReady": 360,
		"OutputIdentifier": "Dark Chocolate Cafe Au Lait Bonbon",
		"InputPriceBased": false,
		"OutputPriceIncrement": 0,
		"OutputPriceMultiplier": 1,
		"KeepInputQuality": true,
		"OutputQuality": 0,
		"OutputStack": 1,
		"Sounds": ["Ship"],
        "PlacingAnimation": null,
        "PlacingAnimationColorName": "White",
	},
	{
		"ProducerName": "Chocolatier's Cauldron",
		"InputIdentifier": "Matcha Powder",
		"InputStack": 1,
		"FuelIdentifier": "White Chocolate",
        "FuelStack": 1,
		"AdditionalFuel":
        {
            "Butter": 1,
        },
		"MinutesUntilReady": 360,
		"OutputIdentifier": "White Chocolate Matcha Bonbon",
		"InputPriceBased": false,
		"OutputPriceIncrement": 0,
		"OutputPriceMultiplier": 1,
		"KeepInputQuality": true,
		"OutputQuality": 0,
		"OutputStack": 1,
		"Sounds": ["Ship"],
        "PlacingAnimation": null,
        "PlacingAnimationColorName": "White",
	},
	{
		"ProducerName": "Chocolatier's Cauldron",
		"InputIdentifier": "Granny Smith Apple",
		"InputStack": 1,
		"FuelIdentifier": "White Chocolate",
        "FuelStack": 1,
		"AdditionalFuel":
        {
            "Cinnamon Sticks": 1, "Cream Cheese": 1,
        },
		"MinutesUntilReady": 360,
		"OutputIdentifier": "White Chocolate Apple Pie Bonbon",
		"InputPriceBased": false,
		"OutputPriceIncrement": 0,
		"OutputPriceMultiplier": 1,
		"KeepInputQuality": true,
		"OutputQuality": 0,
		"OutputStack": 1,
		"Sounds": ["Ship"],
        "PlacingAnimation": null,
        "PlacingAnimationColorName": "White",
	},
	{
		"ProducerName": "Chocolatier's Cauldron",
		"InputIdentifier": "Lime",
		"InputStack": 1,
		"FuelIdentifier": "White Chocolate",
        "FuelStack": 1,
		"AdditionalFuel":
        {
            "Graham Crackers": 1, "Large Milk": 1,
        },
		"MinutesUntilReady": 360,
		"OutputIdentifier": "White Chocolate Key Lime Pie Bonbon",
		"InputPriceBased": false,
		"OutputPriceIncrement": 0,
		"OutputPriceMultiplier": 1,
		"KeepInputQuality": true,
		"OutputQuality": 0,
		"OutputStack": 1,
		"Sounds": ["Ship"],
        "PlacingAnimation": null,
        "PlacingAnimationColorName": "White",
	},
	{
		"ProducerName": "Chocolatier's Cauldron",
		"InputIdentifier": "Apricot",
		"InputStack": 1,
		"FuelIdentifier": "White Chocolate",
        "FuelStack": 1,
		"AdditionalFuel":
        {
            "Coconut": 1,
        },
		"MinutesUntilReady": 360,
		"OutputIdentifier": "White Chocolate Apricot Coconut Bonbon",
		"InputPriceBased": false,
		"OutputPriceIncrement": 0,
		"OutputPriceMultiplier": 1,
		"KeepInputQuality": true,
		"OutputQuality": 0,
		"OutputStack": 1,
		"Sounds": ["Ship"],
        "PlacingAnimation": null,
        "PlacingAnimationColorName": "White",
	},
	{
		"ProducerName": "Chocolatier's Cauldron",
		"InputIdentifier": "Peanut Butter",
		"InputStack": 1,
		"FuelIdentifier": "Chocolatier Milk Chocolate",
        "FuelStack": 1,
		"AdditionalFuel":
        {
            "Sugar": 1,
        },
		"MinutesUntilReady": 300,
		"OutputIdentifier": "Peanut Butter Cup",
		"InputPriceBased": false,
		"OutputPriceIncrement": 0,
		"OutputPriceMultiplier": 1,
		"KeepInputQuality": true,
		"OutputQuality": 0,
		"OutputStack": 1,
		"Sounds": ["Ship"],
        "PlacingAnimation": null,
        "PlacingAnimationColorName": "White",
	},
	{
		"ProducerName": "Chocolatier's Cauldron",
		"InputIdentifier": "Gold Ore",
		"InputStack": 1,
		"FuelIdentifier": "Chocolatier Milk Chocolate",
        "FuelStack": 1,
		"MinutesUntilReady": 180,
		"OutputIdentifier": "Chocolate Coins",
		"InputPriceBased": false,
		"OutputPriceIncrement": 0,
		"OutputPriceMultiplier": 1,
		"KeepInputQuality": true,
		"OutputQuality": 0,
		"OutputStack": 1,
		"Sounds": ["Ship"],
        "PlacingAnimation": null,
        "PlacingAnimationColorName": "White",
	},
	{
		"ProducerName": "Chocolatier's Cauldron",
		"InputIdentifier": "Pecan",
		"InputStack": 3,
		"FuelIdentifier": "Chocolatier Milk Chocolate",
        "FuelStack": 1,
		"AdditionalFuel":
        {
            "Dark Chocolate": 1, "White Chocolate": 1, "Caramel": 1,
        },
		"MinutesUntilReady": 420,
		"OutputIdentifier": "Chocolate Turtles",
		"InputPriceBased": false,
		"OutputPriceIncrement": 0,
		"OutputPriceMultiplier": 1,
		"KeepInputQuality": true,
		"OutputQuality": 0,
		"OutputStack": 1,
		"Sounds": ["Ship"],
        "PlacingAnimation": null,
        "PlacingAnimationColorName": "White",
	},
	{
		"ProducerName": "Chocolatier's Cauldron",
		"InputIdentifier": "Soft Pretzel",
		"InputStack": 1,
		"FuelIdentifier": "Chocolatier Milk Chocolate",
        "FuelStack": 1,
		"AdditionalFuel":
        {
            "Dark Chocolate": 1,
        },
		"MinutesUntilReady": 300,
		"OutputIdentifier": "Milk Chocolate Covered Pretzel",
		"InputPriceBased": false,
		"OutputPriceIncrement": 0,
		"OutputPriceMultiplier": 1,
		"KeepInputQuality": true,
		"OutputQuality": 0,
		"OutputStack": 1,
		"Sounds": ["Ship"],
        "PlacingAnimation": null,
        "PlacingAnimationColorName": "White",
	},
	{
		"ProducerName": "Chocolatier's Cauldron",
		"InputIdentifier": "Salt",
		"InputStack": 1,
		"FuelIdentifier": "Dark Chocolate",
        "FuelStack": 1,
		"AdditionalFuel":
        {
            "Soft Pretzel": 1, "White Chocolate": 1,
        },
		"MinutesUntilReady": 300,
		"OutputIdentifier": "Dark Chocolate Covered Pretzel",
		"InputPriceBased": false,
		"OutputPriceIncrement": 0,
		"OutputPriceMultiplier": 1,
		"KeepInputQuality": true,
		"OutputQuality": 0,
		"OutputStack": 1,
		"Sounds": ["Ship"],
        "PlacingAnimation": null,
        "PlacingAnimationColorName": "White",
	},
	{
		"ProducerName": "Chocolatier's Cauldron",
		"InputIdentifier": "Sugar",
		"InputStack": 1,
		"FuelIdentifier": "White Chocolate",
        "FuelStack": 1,
		"AdditionalFuel":
        {
            "Soft Pretzel": 1, "Chocolatier Milk Chocolate": 1,
        },
		"MinutesUntilReady": 300,
		"OutputIdentifier": "White Chocolate Covered Pretzel",
		"InputPriceBased": false,
		"OutputPriceIncrement": 0,
		"OutputPriceMultiplier": 1,
		"KeepInputQuality": true,
		"OutputQuality": 0,
		"OutputStack": 1,
		"Sounds": ["Ship"],
        "PlacingAnimation": null,
        "PlacingAnimationColorName": "White",
	},
	
	{
		"ProducerName": "Chocolatier's Cauldron",
		"InputIdentifier": "Orange",
		"InputStack": 1,
		"FuelIdentifier": "Chocolatier Milk Chocolate",
        "FuelStack": 1,
		"AdditionalFuel":
        {
            "Sugar": 1, "Large Milk": 1,
        },
		"MinutesUntilReady": 360,
		"OutputIdentifier": "Milk Chocolate Orange Fudge",
		"InputPriceBased": false,
		"OutputPriceIncrement": 0,
		"OutputPriceMultiplier": 1,
		"KeepInputQuality": true,
		"OutputQuality": 0,
		"OutputStack": 1,
		"Sounds": ["Ship"],
        "PlacingAnimation": null,
        "PlacingAnimationColorName": "White",
	},
	{
		"ProducerName": "Chocolatier's Cauldron",
		"InputIdentifier": "Mint",
		"InputStack": 1,
		"FuelIdentifier": "Dark Chocolate",
        "FuelStack": 1,
		"AdditionalFuel":
        {
            "Sugar": 1, "Large Milk": 1,
        },
		"MinutesUntilReady": 360,
		"OutputIdentifier": "Dark Chocolate Mint Fudge",
		"InputPriceBased": false,
		"OutputPriceIncrement": 0,
		"OutputPriceMultiplier": 1,
		"KeepInputQuality": true,
		"OutputQuality": 0,
		"OutputStack": 1,
		"Sounds": ["Ship"],
        "PlacingAnimation": null,
        "PlacingAnimationColorName": "White",
	},
	{
		"ProducerName": "Chocolatier's Cauldron",
		"InputIdentifier": "Cookie",
		"InputStack": 1,
		"FuelIdentifier": "White Chocolate",
        "FuelStack": 1,
		"AdditionalFuel":
        {
            "Sugar": 1, "Large Milk": 1,
        },
		"MinutesUntilReady": 360,
		"OutputIdentifier": "White Chocolate Cookies n' Creme Fudge",
		"InputPriceBased": false,
		"OutputPriceIncrement": 0,
		"OutputPriceMultiplier": 1,
		"KeepInputQuality": true,
		"OutputQuality": 0,
		"OutputStack": 1,
		"Sounds": ["Ship"],
        "PlacingAnimation": null,
        "PlacingAnimationColorName": "White",
	},
	{
		"ProducerName": "Chocolatier's Cauldron",
		"InputIdentifier": "Chocolatier Milk Chocolate",
		"InputStack": 1,
		"FuelIdentifier": "Strawberry",
        "FuelStack": 1,
		"AdditionalFuel":
        {
            "White Chocolate": 1,
        },
		"MinutesUntilReady": 180,
		"OutputIdentifier": "Milk Chocolate Covered Strawberry",
		"InputPriceBased": false,
		"OutputPriceIncrement": 0,
		"OutputPriceMultiplier": 1,
		"KeepInputQuality": true,
		"OutputQuality": 0,
		"OutputStack": 1,
		"Sounds": ["Ship"],
        "PlacingAnimation": null,
        "PlacingAnimationColorName": "White",
	},
	{
		"ProducerName": "Chocolatier's Cauldron",
		"InputIdentifier": "Dark Chocolate",
		"InputStack": 1,
		"FuelIdentifier": "Strawberry",
		"FuelStack": 1,
		"AdditionalFuel":
        {
            "Chocolatier Milk Chocolate": 1,
        },
		"MinutesUntilReady": 180,
		"OutputIdentifier": "Dark Chocolate Covered Strawberry",
		"InputPriceBased": false,
		"OutputPriceIncrement": 0,
		"OutputPriceMultiplier": 1,
		"KeepInputQuality": true,
		"OutputQuality": 0,
		"OutputStack": 1,
		"Sounds": ["Ship"],
        "PlacingAnimation": null,
        "PlacingAnimationColorName": "White",
	},
	{
		"ProducerName": "Chocolatier's Cauldron",
		"InputIdentifier": "White Chocolate",
		"InputStack": 1,
		"FuelIdentifier": "Strawberry",
		"FuelStack": 1,
		"AdditionalFuel":
        {
            "Dark Chocolate": 1,
        },
		"MinutesUntilReady": 180,
		"OutputIdentifier": "White Chocolate Covered Strawberry",
		"InputPriceBased": false,
		"OutputPriceIncrement": 0,
		"OutputPriceMultiplier": 1,
		"KeepInputQuality": true,
		"OutputQuality": 0,
		"OutputStack": 1,
		"Sounds": ["Ship"],
        "PlacingAnimation": null,
        "PlacingAnimationColorName": "White",
	},
	{
		"ProducerName": "Chocolatier's Cauldron",
		"InputIdentifier": "Cherry",
		"InputStack": 1,
		"FuelIdentifier": "Dark Chocolate",
        "FuelStack": 1,
		"MinutesUntilReady": 180,
		"OutputIdentifier": "Chocolate Covered Cherries",
		"InputPriceBased": false,
		"OutputPriceIncrement": 0,
		"OutputPriceMultiplier": 1,
		"KeepInputQuality": true,
		"OutputQuality": 0,
		"OutputStack": 1,
		"Sounds": ["Ship"],
        "PlacingAnimation": null,
        "PlacingAnimationColorName": "White",
	},
	{
		"ProducerName": "Chocolatier's Cauldron",
		"InputIdentifier": "Starfruit",
		"InputStack": 1,
		"FuelIdentifier": "Chocolatier Milk Chocolate",
        "FuelStack": 1,
		"MinutesUntilReady": 420,
		"OutputIdentifier": "Chocolate Covered Starfruit",
		"InputPriceBased": false,
		"OutputPriceIncrement": 0,
		"OutputPriceMultiplier": 1,
		"KeepInputQuality": true,
		"OutputQuality": 0,
		"OutputStack": 1,
		"Sounds": ["Ship"],
        "PlacingAnimation": null,
        "PlacingAnimationColorName": "White",
	},
	{
		"ProducerName": "Chocolatier's Cauldron",
		"InputIdentifier": "Coffee Bean",
		"InputStack": 10,
		"FuelIdentifier": "Dark Chocolate",
        "FuelStack": 1,
		"MinutesUntilReady": 360,
		"OutputIdentifier": "Chocolate Covered Coffee Beans",
		"InputPriceBased": false,
		"OutputPriceIncrement": 0,
		"OutputPriceMultiplier": 1,
		"KeepInputQuality": true,
		"OutputQuality": 0,
		"OutputStack": 1,
		"Sounds": ["Ship"],
        "PlacingAnimation": null,
        "PlacingAnimationColorName": "White",
	},
	{
		"ProducerName": "Chocolatier's Cauldron",
		"InputIdentifier": "Raisins",
		"InputStack": 10,
		"FuelIdentifier": "White Chocolate",
        "FuelStack": 1,
		"MinutesUntilReady": 360,
		"OutputIdentifier": "Chocolate Covered Raisins",
		"InputPriceBased": false,
		"OutputPriceIncrement": 0,
		"OutputPriceMultiplier": 1,
		"KeepInputQuality": true,
		"OutputQuality": 0,
		"OutputStack": 1,
		"Sounds": ["Ship"],
        "PlacingAnimation": null,
        "PlacingAnimationColorName": "White",
	},
	{
		"ProducerName": "Chocolatier's Cauldron",
		"InputIdentifier": "Milk Chocolate Caramel Bonbon",
		"InputStack": 1,
		"FuelIdentifier": "Milk Chocolate Vanilla Nut Bonbon",
        "FuelStack": 1,
		"AdditionalFuel":
        {
           "White Chocolate Matcha Bonbon": 1, "White Chocolate Key Lime Pie Bonbon":1, "Dark Chocolate Blueberry Bonbon":1, "Dark Chocolate Raspberry Bonbon":1,
        },
		"MinutesUntilReady": 720,
		"OutputIdentifier": "Box of Chocolate Bonbons",
		"InputPriceBased": false,
		"OutputPriceIncrement": 0,
		"OutputPriceMultiplier": 1,
		"KeepInputQuality": true,
		"OutputQuality": 0,
		"OutputStack": 1,
		"Sounds": ["Ship"],
        "PlacingAnimation": null,
        "PlacingAnimationColorName": "White",
	},
	{
		"ProducerName": "Chocolatier's Cauldron",
		"InputIdentifier": "Milk Chocolate Covered Strawberry",
		"InputStack": 1,
		"FuelIdentifier": "Dark Chocolate Covered Strawberry",
        "FuelStack": 1,
		"AdditionalFuel":
        {
           "White Chocolate Covered Strawberry": 1,
        },
		"MinutesUntilReady": 600,
		"OutputIdentifier": "Box of Chocolate Covered Strawberries",
		"InputPriceBased": false,
		"OutputPriceIncrement": 0,
		"OutputPriceMultiplier": 1,
		"KeepInputQuality": true,
		"OutputQuality": 0,
		"OutputStack": 1,
		"Sounds": ["Ship"],
        "PlacingAnimation": null,
        "PlacingAnimationColorName": "White",
	},
	//Butter Churn (Artisan Valley)
	{
        "ProducerName": "Butter Churn",
        "InputIdentifier": "Cocoa Pod",
        "InputStack": 1,
        "FuelIdentifier": null,
        "FuelStack": 1,
        "MinutesUntilReady": 180,
        "OutputIdentifier": "Cocoa Butter",
		"AdditionalOutputs": 
	[
        {
            "OutputProbability": 0.5,
			"OutputIdentifier": "Chocolatier Cocoa Powder",
			"MintuesUntilReady": 180,
        },
	],
        "InputPriceBased": false,
        "OutputPriceIncrement": 0,
        "OutputPriceMultiplier": 1,
        "KeepInputQuality": false,
        "OutputQuality": 0,
        "OutputStack": 1,
        "Sounds": ["Ship"],
        "PlacingAnimation": null,
        "PlacingAnimationColorName": "White",
    },
	//Dehydrator (Artisan Valley)
	{
        "ProducerName": "Dehydrator",
        "InputIdentifier": "Large Milk",
        "InputStack": 1,
        "FuelIdentifier": null,
        "FuelStack": 1,
        "MinutesUntilReady": 2250,
        "OutputIdentifier": "Powdered Milk",
        "InputPriceBased": false,
        "OutputPriceIncrement": 0,
        "OutputPriceMultiplier": 1,
        "KeepInputQuality": false,
        "OutputQuality": 0,
        "OutputStack": 1,
        "Sounds": ["Ship"],
        "PlacingAnimation": null,
        "PlacingAnimationColorName": "White",
    },
]