{
  "Name": "Dark Chocolate Cafe Au Lait Bonbon",
  "Description": "A luscious bonbon made with a hard dark chocolate shell over a white chocolate and coffee creme.",
  "Category": "ArtisanGoods",
  "Edibility": 82,
  "Price": 2490,
  "IsColored": false,
  "Recipe": null,
  "GiftTastes":
    {
		"Love": ["Leah"],
        "Like": ["Alex", "Clint", "Demetrius", "Dwarf", "Elliott", "Emily", "George", "Gus", "Harvey", "Jodi", "Kent", "Krobus", "Lewis", "Linus", "Marnie", "Maru", "Pam", "Penny", "Pierre", "Robin", "Sandy", "Sebastian", "Shane", "Wizard"],
		"Dislike": ["Abigail", "Caroline", "Evelyn", "Haley", "Jas", "Sam", "Vincent", "Willy"],
},

// translation
  "NameLocalization":
  {
  "zh":"欧蕾咖啡黑巧克力夹心",
  },
  "DescriptionLocalization":
  {
  "zh":"稍硬的黑巧克力包裹着奶油，奶油成分包含了香醇的欧蕾咖啡以及香甜可口的白巧克力。一杯咖啡，一块巧克力夹心，一张躺椅，一把遮阳伞，优雅且完美下午茶的不二之选。",
  }
}