{
  "Name": "Chocolate Turtles",
  "Description": "An unusually shaped chocolate treat that vaguely resembles a turtle. Filled with caramel and pecans.",
  "Category": "ArtisanGoods",
  "Edibility": 100,
  "Price": 3230,
  "IsColored": false,
  "Recipe": null,
  "GiftTastes":
    {
		"Love": ["Leah"],
        "Like": ["Abigail", "Alex", "Caroline", "Clint", "Demetrius", "Dwarf", "Elliott", "Emily", "Evelyn", "George", "Gus", "Haley", "Harvey", "Jas", "Jodi", "Kent", "Lewis", "Linus", "Marnie", "Maru", "Pam", "Penny", "Pierre", "Robin", "Sam", "Sandy", "Sebastian", "Shane", "Vincent", "Wizard"],
		"Hate": ["Krobus", "Willy"],
},

// translation
  "NameLocalization":
  {
  "zh":"龟龟巧克力",
  },
  "DescriptionLocalization":
  {
  "zh":"这有着不寻常形状的巧克力能模糊地看出来像是一只乌龟。里面填满了焦糖跟胡桃。",
  }
}