{
  "Name": "Chocolate Covered Raisins",
  "Description": "Fruity raisins covered in sweet white chocolate.",
  "Category": "ArtisanGoods",
  "Edibility": 35,
  "Price": 1462,
  "IsColored": false,
  "Recipe": null,
  "GiftTastes":
    {
        "Like": ["Alex", "Caroline", "Clint", "Demetrius", "Dwarf", "Elliott", "Emily", "Evelyn", "George", "Gus", "Harvey", "Jodi", "Kent", "Krobus", "Leah", "Lewis", "Linus", "Marnie", "Maru", "Pam", "Pierre", "Robin", "Sam", "Sandy", "Sebastian", "Shane", "Vincent", "Willy", "Wizard"],
		"Dislike": ["Abigail", "Haley", "Jas", "Penny"],
    },


// translation
  "NameLocalization":
  {
  "zh":"葡萄干巧克力豆",
  },
  "DescriptionLocalization":
  {
  "zh":"被太阳晒干之后散发着浓郁果香的葡萄干裹着甜甜的白巧克力。",
  }
}