{
  "Name": "Dark Chocolate",
  "Description": "A bittersweet chocolate made with more cocoa than milk.",
  "Category": "ArtisanGoods",
  "Edibility": 40,
  "Price": 650,
  "IsColored": false,
  "Recipe": null,
  "GiftTastes":
    {
		"Love": ["Sebastian"],
        "Like": ["Alex", "Clint", "Demetrius", "Dwarf", "Elliott", "Emily", "George", "Gus", "Harvey", "Jodi", "Kent", "Krobus", "Leah", "Lewis", "Linus", "Marnie", "Maru", "Pam", "Penny", "Pierre", "Robin", "Sandy", "Shane", "Willy", "Wizard"],
		"Dislike": ["Abigail", "Caroline", "Evelyn", "Haley", "Jas", "Sam", "Vincent"],
},

// translation
  "NameLocalization":
  {
  "zh":"黑巧克力",
  },
  "DescriptionLocalization":
  {
  "zh":"可可成分比牛奶更多的巧克力，拥有着香醇的味道，以及它特有的苦涩。",
  }
}