{
  "Name": "Dark Chocolate Covered Pretzel",
  "Description": "A salty pretzel covered in bittersweet dark chocolate.",
  "Category": "ArtisanGoods",
  "Edibility": 62,
  "Price": 1424,
  "IsColored": false,
  "Recipe": null,
  "GiftTastes":
    {
        "Like": ["Alex", "Clint", "Demetrius", "Dwarf", "Elliott", "Emily", "George", "Gus", "Jodi", "Kent", "Krobus", "Lewis", "Linus", "Marnie", "Maru", "Pam", "Penny", "Pierre", "Robin", "Sandy", "Sebastian", "Shane", "Willy", "Wizard"],
		"Neutral": ["Harvey"],
		"Dislike": ["Abigail", "Caroline", "Evelyn", "Haley", "Jas", "Leah", "Sam", "Vincent"],
},

// translation
  "NameLocalization":
  {
  "zh":"黑巧克力圈饼",
  },
  "DescriptionLocalization":
  {
  "zh":"圈饼淋上融化的黑巧克力,黑巧克力特有的香醇以及苦涩与甜圈饼的结合。",
  }
}