{
  "Name": "Dark Chocolate Coconut Bonbon",
  "Description": "A luscious bonbon made with a hard dark chocolate shell over a coconut creme.",
  "Category": "ArtisanGoods",
  "Edibility": 82,
  "Price": 1872,
  "IsColored": false,
  "Recipe": null,
  "GiftTastes":
    {
		"Love": ["Linus"],
        "Like": ["Alex", "Clint", "Demetrius", "Dwarf", "Elliott", "Emily", "George", "Gus", "Harvey", "Jodi", "Kent", "Leah", "Lewis", "Marnie", "Maru", "Pam", "Penny", "Pierre", "Robin", "Sandy", "Sebastian", "Shane", "Willy", "Wizard"],
		"Neutral": ["Haley", "Krobus"],
		"Dislike": ["Abigail", "Caroline", "Evelyn", "Jas", "Sam", "Vincent"],
},

// translation
  "NameLocalization":
  {
  "zh":"黑巧克力椰子夹心",
  },
  "DescriptionLocalization":
  {
  "zh":"稍硬的黑巧克力包裹着椰子奶油，简单又美味。",
  }
}