{
  "Name": "White Chocolate Key Lime Pie Bonbon",
  "Description": "A delicate bonbon made with a hard white chocolate shell and graham cracker crumbs over a key lime creme.",
  "Category": "ArtisanGoods",
  "Edibility": 78,
  "Price": 1450,
  "IsColored": false,
  "Recipe": null,
  "GiftTastes":
    {
		"Love": ["Haley", "Jas", "Marnie"],
        "Like": ["Abigail", "Alex", "Caroline", "Clint", "Demetrius", "Elliott", "Emily", "Evelyn", "Gus", "Jodi", "Kent", "Leah", "Lewis", "Linus", "Maru", "Pam", "Penny", "Pierre", "Robin", "Sam", "Sandy", "Shane", "Vincent", "Wizard"],
		"Dislike": ["Dwarf", "George", "Harvey", "Krobus", "Sebastian"],
		"Hate": ["Willy"],
},

// translation
  "NameLocalization":
  {
  "zh":"白巧克力青柠派夹心",
  },
  "DescriptionLocalization":
  {
  "zh":"稍硬的白巧克力包裹着用格雷厄姆饼干屑以及青柠制作的奶油。饼干屑在外层上的装饰使得整体变得更为精美。有着饼干屑的奶油拥有着极佳的口感，青柠的清香以及酸味衬托着白巧克力的甜，可谓天作之合。",
  }
}