{
  "Name": "White Chocolate Covered Pretzel",
  "Description": "A salty pretzel covered in extra sweet white chocolate.",
  "Category": "ArtisanGoods",
  "Edibility": 58,
  "Price": 1618,
  "IsColored": false,
  "Recipe": null,
  "GiftTastes":
    {
		"Love": ["Haley", "Jas", "Marnie"],
        "Like": ["Abigail", "Alex", "Caroline", "Clint", "Demetrius", "Elliott", "Emily", "Evelyn", "Gus", "Jodi", "Kent", "Lewis", "Linus", "Maru", "Pam", "Penny", "Pierre", "Robin", "Sam", "Sandy", "Shane", "Vincent", "Wizard"],
		"Dislike": ["Dwarf", "George", "Harvey", "Krobus", "Leah", "Sebastian"],
		"Hate": ["Willy"],
},

// translation
  "NameLocalization":
  {
  "zh":"白巧克力圈饼",
  },
  "DescriptionLocalization":
  {
  "zh":"圈饼淋上融化的白巧克力，甜甜的圈饼加上甜香四溢的白巧克力，甜上加甜，绝佳甜点。",
  }
}