{
  "Name": "Chocolatier Milk Chocolate",
  "Description": "A sweet chocolate made with more milk than cocoa.",
  "Category": "ArtisanGoods",
  "Edibility": 40,
  "Price": 845,
  "IsColored": false,
  "Recipe": null,
  "GiftTastes":
    {
		"Love": ["Gus", "Jodi", "Maru", "Penny", "Vincent"],
        "Like": ["Abigail", "Alex", "Caroline", "Clint", "Demetrius", "Dwarf", "Elliott", "Emily", "Evelyn", "George", "Haley", "Jas", "Lewis", "Linus", "Marnie", "Pam", "Pierre", "Robin", "Sam", "Sandy", "Sebastian", "Shane"],
		"Dislike": ["Harvey", "Kent", "Krobus", "Leah", "Willy", "Wizard"],
},

// translation
  "NameLocalization":
  {
  "zh":"手工牛奶巧克力",
  },
  "DescriptionLocalization":
  {
  "zh":"由于牛奶成分比可可更多的原因，这种巧克力不仅充满了奶香，甜度也是绝对的。",
  }
}