{
  "Name": "Chocolate Covered Coffee Beans",
  "Description": "Bitter coffee beans covered in bittersweet dark chocolate.",
  "Category": "ArtisanGoods",
  "Edibility": 30,
  "Price": 845,
  "IsColored": false,
  "Recipe": null,
  "GiftTastes":
    {	
		"Love": ["Harvey", "Kent", "Shane"],
        "Like": ["Abigail", "Alex", "Caroline", "Clint", "Demetrius", "Dwarf", "Elliott", "Emily", "Evelyn", "George", "Gus", "Haley", "Jodi", "Krobus", "Leah", "Lewis", "Linus", "Marnie", "Maru", "Pam", "Penny", "Pierre", "Robin", "Sam", "Sandy", "Sebastian", "Willy", "Wizard"],
		"Dislike": ["Jas", "Vincent"],
},

// translation
  "NameLocalization":
  {
  "zh":"咖啡巧克力豆",
  },
  "DescriptionLocalization":
  {
  "zh":"豆粒状香醇浓郁的咖啡豆包裹着黑巧克力。",
  }
}