{
  "Name": "White Chocolate Cookies n' Creme Fudge",
  "Description": "A creamy fudge made with white chocolate and cookies.",
  "Category": "ArtisanGoods",
  "Edibility": 53,
  "Price": 1046,
  "IsColored": false,
  "Recipe": null,
  "GiftTastes":
    {
		"Love": ["Haley", "Jas", "Marnie"],
        "Like": ["Abigail", "Alex", "Caroline", "Clint", "Demetrius", "Elliott", "Emily", "Evelyn", "Gus", "Jodi", "Kent", "Lewis", "Linus", "Maru", "Pam", "Penny", "Pierre", "Robin", "Sam", "Sandy", "Shane", "Vincent", "Wizard"],
		"Dislike": ["Dwarf", "George", "Harvey", "Krobus", "Leah", "Sebastian"],
		"Hate": ["Willy"],
},

// translation
  "NameLocalization":
  {
  "zh":"白巧克力曲奇奶油混合糖",
  },
  "DescriptionLocalization":
  {
  "zh":"用白巧克力曲奇奶油混合制作的奶油糖。相比其他的奶油糖，由于有了曲奇的加入，口感也很不错。",
  }
}